title,salary
Senior Staff,80541.77097505669
Senior Engineer,71539.58693808313
Staff,67835.83424657534
Technique Leader,67539.27297297298
Engineer,59539.792517006805
Assistant Engineer,57396.28971962617
