gender,count,mean,std,min,25%,50%,75%,max
F,2676.0,72244.25037369208,17327.356253610433,40817.0,59291.0,70067.5,82854.0,144866.0
M,3976.0,71962.9092052314,17579.589503612642,39012.0,58597.25,69695.0,82843.75,145732.0
