tenure_segment,count,mean,std,min,25%,50%,75%,max
Early (0-5 yrs),166.0,59352.43975903615,15162.619704271061,41330.0,48028.25,54560.0,67996.75,119609.0
Mid (5-10 yrs),1506.0,65087.51128818061,15487.698538436252,39012.0,53281.5,61348.0,74153.0,131604.0
Established (10-15 yrs),3028.0,72214.64729194187,16585.090559474662,39906.0,60547.25,69619.0,82090.25,144866.0
Veteran (15+ yrs),1952.0,78334.9856557377,17872.363678038815,41503.0,66134.75,76031.0,90042.0,145732.0
