dept_name,salary
Sales,88445.24976167778
Marketing,79210.97692307692
Finance,77369.84548104956
Research,68768.50753768845
Production,68088.07114624506
Development,67955.46276595745
Customer Service,67623.63673469388
Quality Management,66241.94683544304
Human Resources,64274.75862068965
