title,years_in_title
Engineer,5.6698948101167925
Staff,5.799822867696441
Assistant Engineer,5.880237953599049
Senior Staff,6.230748385834475
Senior Engineer,6.275969169023077
Technique Leader,8.86669373549884
