,raw_salary,ln_salary,log10_salary
count,6652.0,6652.0,6652.0
mean,72076.08854479856,11.157028348176123,4.845435846051043
std,17477.79540691844,0.23774758855806027,0.10325246579657026
min,39012.0,10.571624570091906,4.591198215543751
25%,58887.25,10.983379874344681,4.770021272075127
50%,69829.5,11.153811833491705,4.844038931472639
75%,82854.0,11.324835301713406,4.9183134799972805
max,145732.0,11.889524597443724,5.163554925122791
