,salary,tenure_years,age_at_hire
count,6652.0,6652.0,6652.0
mean,72076.08854479856,12.460318701142516,31.56213168971738
std,17477.79540691844,3.4992266930221256,5.158656338977389
min,39012.0,2.58,20.1
25%,58887.25,9.967500000000001,27.7
50%,69829.5,13.03,31.4
75%,82854.0,15.39,35.1
max,145732.0,17.49,47.6
